category_id,category_name,category_sort_order,item_id,item_type,item_name,description,coffee_details,roaster,picture_url,item_sort_order,item_is_active,variant_id,variant_name,temperature,size_oz,price_amount,currency,price_kind,variant_sort_order,variant_is_available,source_image,source_price_text
cat-black,Black,1,item-sunburn,beverage,Sunburn,Orange + Espresso,null,null,null,1,true,var-sunburn-standard,Standard,null,null,195.00,PHP,base,1,null,193b6d1e-cd8e-4055-8cf2-dd4011b5d572.jpg,195
cat-black,Black,1,item-yuzu,beverage,Yuzu,Lemon + Espresso,null,null,null,2,true,var-yuzu-standard,Standard,null,null,195.00,PHP,base,1,null,193b6d1e-cd8e-4055-8cf2-dd4011b5d572.jpg,195
cat-black,Black,1,item-esprava,beverage,Esprava,Guava + Espresso,null,null,null,3,true,var-esprava-standard,Standard,null,null,185.00,PHP,base,1,null,193b6d1e-cd8e-4055-8cf2-dd4011b5d572.jpg,185
cat-black,Black,1,item-drift-tonic,beverage,Drift Tonic,Tonic + Espresso,null,null,null,4,true,var-drift-tonic-standard,Standard,null,null,185.00,PHP,base,1,null,193b6d1e-cd8e-4055-8cf2-dd4011b5d572.jpg,185
cat-black,Black,1,item-americano,beverage,Americano,null,null,null,null,5,true,var-americano-iced,Iced,iced,null,175.00,PHP,base,1,null,193b6d1e-cd8e-4055-8cf2-dd4011b5d572.jpg,175 | 170
cat-black,Black,1,item-americano,beverage,Americano,null,null,null,null,5,true,var-americano-hot,Hot,hot,null,170.00,PHP,base,2,null,193b6d1e-cd8e-4055-8cf2-dd4011b5d572.jpg,175 | 170
cat-classics,Classics,2,item-capuccino,beverage,Capuccino,null,null,null,null,1,true,var-capuccino-standard,Standard,null,null,165.00,PHP,base,1,null,193b6d1e-cd8e-4055-8cf2-dd4011b5d572.jpg,165
cat-classics,Classics,2,item-latte,beverage,Latte,null,null,null,null,2,true,var-latte-iced,Iced,iced,null,175.00,PHP,base,1,null,193b6d1e-cd8e-4055-8cf2-dd4011b5d572.jpg,175 | 165
cat-classics,Classics,2,item-latte,beverage,Latte,null,null,null,null,2,true,var-latte-hot,Hot,hot,null,165.00,PHP,base,2,null,193b6d1e-cd8e-4055-8cf2-dd4011b5d572.jpg,175 | 165
cat-classics,Classics,2,item-flat-white,beverage,Flat White,null,null,null,null,3,true,var-flat-white-standard,Standard,null,null,165.00,PHP,base,1,null,193b6d1e-cd8e-4055-8cf2-dd4011b5d572.jpg,165
cat-milk-based,Milk-based,3,item-banana-ride,beverage,Banana Ride,Banana Milk + Espresso,null,null,null,1,true,var-banana-ride-standard,Standard,null,null,195.00,PHP,base,1,null,193b6d1e-cd8e-4055-8cf2-dd4011b5d572.jpg,195
cat-milk-based,Milk-based,3,item-sweet-kanella,beverage,Sweet Kanella,Cinnamon Latte,null,null,null,2,true,var-sweet-kanella-iced,Iced,iced,null,185.00,PHP,base,1,null,193b6d1e-cd8e-4055-8cf2-dd4011b5d572.jpg,185 | 170
cat-milk-based,Milk-based,3,item-sweet-kanella,beverage,Sweet Kanella,Cinnamon Latte,null,null,null,2,true,var-sweet-kanella-hot,Hot,hot,null,170.00,PHP,base,2,null,193b6d1e-cd8e-4055-8cf2-dd4011b5d572.jpg,185 | 170
cat-milk-based,Milk-based,3,item-black-sesame,beverage,Black Sesame,null,null,null,null,3,true,var-black-sesame-iced,Iced,iced,null,195.00,PHP,base,1,null,193b6d1e-cd8e-4055-8cf2-dd4011b5d572.jpg,195 | 205
cat-milk-based,Milk-based,3,item-black-sesame,beverage,Black Sesame,null,null,null,null,3,true,var-black-sesame-hot,Hot,hot,null,205.00,PHP,base,2,null,193b6d1e-cd8e-4055-8cf2-dd4011b5d572.jpg,195 | 205
cat-milk-based,Milk-based,3,item-choco-oat,beverage,Choco Oat,null,null,null,null,4,true,var-choco-oat-standard,Standard,null,null,200.00,PHP,base,1,null,193b6d1e-cd8e-4055-8cf2-dd4011b5d572.jpg,200
cat-milk-based,Milk-based,3,item-spanish-oat,beverage,Spanish Oat,null,null,null,null,5,true,var-spanish-oat-iced,Iced,iced,null,200.00,PHP,base,1,null,193b6d1e-cd8e-4055-8cf2-dd4011b5d572.jpg,200 | 205
cat-milk-based,Milk-based,3,item-spanish-oat,beverage,Spanish Oat,null,null,null,null,5,true,var-spanish-oat-hot,Hot,hot,null,205.00,PHP,base,2,null,193b6d1e-cd8e-4055-8cf2-dd4011b5d572.jpg,200 | 205
cat-matcha,Matcha,4,item-matcha-latte,beverage,Matcha Latte,null,null,null,null,1,true,var-matcha-latte-iced,Iced,iced,null,185.00,PHP,base,1,null,193b6d1e-cd8e-4055-8cf2-dd4011b5d572.jpg,185 | 175
cat-matcha,Matcha,4,item-matcha-latte,beverage,Matcha Latte,null,null,null,null,1,true,var-matcha-latte-hot,Hot,hot,null,175.00,PHP,base,2,null,193b6d1e-cd8e-4055-8cf2-dd4011b5d572.jpg,185 | 175
cat-matcha,Matcha,4,item-caramel-matcha,beverage,Caramel Matcha,null,null,null,null,2,true,var-caramel-matcha-standard,Standard,null,null,185.00,PHP,base,1,null,193b6d1e-cd8e-4055-8cf2-dd4011b5d572.jpg,185
cat-matcha,Matcha,4,item-strawberry-matcha,beverage,Strawberry Matcha,null,null,null,null,3,true,var-strawberry-matcha-standard,Standard,null,null,190.00,PHP,base,1,null,193b6d1e-cd8e-4055-8cf2-dd4011b5d572.jpg,190
cat-matcha,Matcha,4,item-orange-matcha,beverage,Orange Matcha,null,null,null,null,4,true,var-orange-matcha-standard,Standard,null,null,185.00,PHP,base,1,null,193b6d1e-cd8e-4055-8cf2-dd4011b5d572.jpg,185
cat-tea-based,Tea-based,5,item-wave-7,beverage,Wave #7,"Earl Grey Tea, Oatmilk, Espresso",null,null,null,1,true,var-wave-7-standard,Standard,null,null,195.00,PHP,base,1,null,193b6d1e-cd8e-4055-8cf2-dd4011b5d572.jpg,195
cat-tea-based,Tea-based,5,item-gui-hua-latte,beverage,Gui Hua Latte,"Osmanthus Tea, Oatmilk, Espresso",null,null,null,2,true,var-gui-hua-latte-iced,Iced,iced,null,185.00,PHP,base,1,null,193b6d1e-cd8e-4055-8cf2-dd4011b5d572.jpg,185 | 190
cat-tea-based,Tea-based,5,item-gui-hua-latte,beverage,Gui Hua Latte,"Osmanthus Tea, Oatmilk, Espresso",null,null,null,2,true,var-gui-hua-latte-hot,Hot,hot,null,190.00,PHP,base,2,null,193b6d1e-cd8e-4055-8cf2-dd4011b5d572.jpg,185 | 190
cat-munchies,Munchies,6,item-ham-cheese-croissant,food,Ham & Cheese Croissant,null,null,null,null,1,true,var-ham-cheese-croissant-standard,Standard,null,null,195.00,PHP,base,1,null,193b6d1e-cd8e-4055-8cf2-dd4011b5d572.jpg,195
cat-munchies,Munchies,6,item-pistacio-pain-au-chocolat,food,Pistacio Pain Au Chocolat,null,null,null,null,2,true,var-pistacio-pain-au-chocolat-standard,Standard,null,null,225.00,PHP,base,1,null,193b6d1e-cd8e-4055-8cf2-dd4011b5d572.jpg,225
cat-munchies,Munchies,6,item-tiramisu,food,Tiramisu,null,null,null,null,3,true,var-tiramisu-standard,Standard,null,null,325.00,PHP,base,1,null,193b6d1e-cd8e-4055-8cf2-dd4011b5d572.jpg,325
cat-specialty-coffee,Specialty Coffee,7,item-costa-rica-finca-los-angeles,beverage,Costa Rica Finca Los Angeles,null,Black Diamond Naturals,Diggy Doos,null,1,true,var-costa-rica-finca-los-angeles-standard,Standard,null,null,350.00,PHP,base,1,null,66d1a346-293e-4098-83f4-dbc755b5e1c9.jpg,350
cat-specialty-coffee,Specialty Coffee,7,item-ethiopia-guji-adamo,beverage,Ethiopia Guji Adamo,null,Naturals,Roastwork,null,2,true,var-ethiopia-guji-adamo-standard,Standard,null,null,420.00,PHP,base,1,null,66d1a346-293e-4098-83f4-dbc755b5e1c9.jpg,420
cat-specialty-coffee,Specialty Coffee,7,item-finca-deborah-terroir-geisha,beverage,Finca Deborah Terroir Geisha,null,Washed,Hazel & Hershey,null,3,true,var-finca-deborah-terroir-geisha-standard,Standard,null,null,750.00,PHP,base,1,null,66d1a346-293e-4098-83f4-dbc755b5e1c9.jpg,750
cat-specialty-coffee,Specialty Coffee,7,item-finca-deborah-parabolic-geisha,beverage,Finca Deborah Parabolic Geisha,null,Deeply Extended Natural · Carbonic Maceration,Hazel & Hershey,null,4,true,var-finca-deborah-parabolic-geisha-standard,Standard,null,null,750.00,PHP,base,1,null,66d1a346-293e-4098-83f4-dbc755b5e1c9.jpg,750
cat-specialty-coffee,Specialty Coffee,7,item-panama-janson-coffee-farm-geisha,beverage,Panama Janson Coffee Farm Geisha,null,Extended Fermented Naturals,Oma,null,5,true,var-panama-janson-coffee-farm-geisha-standard,Standard,null,null,750.00,PHP,base,1,null,66d1a346-293e-4098-83f4-dbc755b5e1c9.jpg,750
cat-specialty-coffee,Specialty Coffee,7,item-colombia-chiroso,beverage,Colombia Chiroso,null,Naturals,KIS,null,6,true,var-colombia-chiroso-standard,Standard,null,null,595.00,PHP,base,1,null,66d1a346-293e-4098-83f4-dbc755b5e1c9.jpg,595
cat-specialty-coffee,Specialty Coffee,7,item-guatemala-finca-el-injerto-malawi-geisha,beverage,Guatemala Finca El Injerto Malawi Geisha,null,null,Archers,null,7,true,var-guatemala-finca-el-injerto-malawi-geisha-standard,Standard,null,null,495.00,PHP,base,1,null,66d1a346-293e-4098-83f4-dbc755b5e1c9.jpg,495
cat-specialty-coffee,Specialty Coffee,7,item-panama-lerida-coffee-estate-geisha,beverage,Panama Lerida Coffee Estate Geisha,null,Naturals · Lot 0746 · Cold Room Drying,Archers,null,8,true,var-panama-lerida-coffee-estate-geisha-standard,Standard,null,null,750.00,PHP,base,1,null,66d1a346-293e-4098-83f4-dbc755b5e1c9.jpg,750
cat-add-on,Add On,8,item-upsize,addon,Upsize,null,null,null,null,1,true,var-upsize-standard,Standard,null,16,20.00,PHP,surcharge,1,null,193b6d1e-cd8e-4055-8cf2-dd4011b5d572.jpg,+20
cat-add-on,Add On,8,item-oatmilk,addon,Oatmilk,null,null,null,null,2,true,var-oatmilk-standard,Standard,null,null,45.00,PHP,surcharge,1,null,193b6d1e-cd8e-4055-8cf2-dd4011b5d572.jpg,+45
cat-add-on,Add On,8,item-salt-cream,addon,Salt Cream,null,null,null,null,3,true,var-salt-cream-standard,Standard,null,null,20.00,PHP,surcharge,1,null,193b6d1e-cd8e-4055-8cf2-dd4011b5d572.jpg,+20
